{
  "user": [
    {
      "user": "Ali",
      "email": "Ali@gmail.com",
      "password": "123456F",
      "id": 1
    },
    {
      "user": "farzad.azizi",
      "email": "azizi.farzad97@gmail.com",
      "password": "123456",
      "id": 2
    },
    {
      "user": "faazizi",
      "email": "azizifarzad851@gmail.com",
      "password": "741258963",
      "id": 3
    }
  ],
  "chart": [
    {
      "category": "Canbo",
      "subcategory": "9101",
      "id": 1
    },
    {
      "category": "Canbo",
      "subcategory": "9102",
      "id": 2
    },
    {
      "category": "9101",
      "subcategory": "1024",
      "id": 3
    },
    {
      "category": "9102",
      "subcategory": "1050",
      "id": 4
    },
    {
      "category": "Canbo",
      "subcategory": "n",
      "id": 5
    },
    {
      "category": "Canbo",
      "subcategory": "nm",
      "id": 6
    },
    {
      "category": "Canbo",
      "subcategory": "nmm",
      "id": 7
    }
  ]
}